import pandas as pd
data = {
    "Transaction_ID": [1001, 1002, 1003, 1004, 1005, 1006, 1007, 1008, 1009, 1010],
    "Customer_ID": ["C001", "C002", "C003", "C004", "C005", "C006", "C007", "C008", "C009", "C010"],
    "Product_ID": ["P001", "P002", "P003", "P001", "P004", "P005", "P006", "P007", "P008", "P009"],
    "Product_Name": ["Smartphone", "Laptop", "Headphones", "Smartphone", "Table", "Chair", "Watch", "Shirt", "Jeans", "Fridge"],
    "Product_Category": ["Electronics", "Electronics", "Accessories", "Electronics", "Furniture", "Furniture", "Accessories", "Clothing", "Clothing", "Appliances"],
    "Quantity": [2, 1, 3, 1, 1, 2, 1, 4, 2, 1],
    "Price": [350, 1200, 100, 350, 200, 75, 150, 25, 45, 800],
    "Location": ["New York", "Los Angeles", "San Francisco", "New York", "Los Angeles", "Chicago", "San Francisco", "Chicago", "New York", "Los Angeles"],
    "Transaction_Date": ["2023-01-01", "2023-01-02", "2023-01-03", "2023-01-04", "2023-01-05", "2023-01-06", "2023-01-07", "2023-01-08", "2023-01-09", "2023-01-10"]
}
df = pd.DataFrame(data)
file_path = 'ecommerce_data.csv'
df.to_csv(file_path, index=False)

file_path
